epoch,time,train/box_loss,train/cls_loss,train/dfl_loss,metrics/precision(B),metrics/recall(B),metrics/mAP50(B),metrics/mAP50-95(B),val/box_loss,val/cls_loss,val/dfl_loss,lr/pg0,lr/pg1,lr/pg2
1,3.9802,1.47619,2.66475,1.65081,0.00333,1,0.79881,0.44905,0.94479,3.09603,1.3069,0.00012,0.00012,0.00012
2,7.58598,0.98038,1.86273,1.35595,0.00333,1,0.98357,0.59302,0.87773,2.76777,1.34,0.000257426,0.000257426,0.000257426
3,11.3618,1.02788,1.60393,1.37341,0.84174,0.88795,0.97214,0.40974,1.20466,2.91045,1.65787,0.00039208,0.00039208,0.00039208
4,15.0664,1.22395,1.45852,1.46845,0.00333,1,0.92124,0.50865,0.9415,2.87645,1.46425,0.000523962,0.000523962,0.000523962
5,18.6349,1.06911,1.37571,1.34894,0.88526,1,0.98269,0.61536,0.96499,2.41011,1.44314,0.000653072,0.000653072,0.000653072
6,22.232,1.18044,1.37035,1.42775,0.91291,0.87537,0.95654,0.58467,1.14128,2.26896,1.62206,0.00077941,0.00077941,0.00077941
7,25.7678,0.93115,1.23309,1.24702,0.86073,0.83333,0.95669,0.57694,1.24267,2.09554,1.71193,0.000902976,0.000902976,0.000902976
8,29.3245,1.03227,1.13947,1.29353,0.7615,0.79983,0.86121,0.43089,1.38782,2.56607,1.73006,0.00102377,0.00102377,0.00102377
9,32.8819,1.05098,1.20149,1.34678,0.67734,0.75,0.79506,0.24226,1.9691,2.44827,3.23318,0.00114179,0.00114179,0.00114179
10,36.4679,1.04439,1.08952,1.26083,0.64601,0.83333,0.68145,0.22043,2.2341,2.49607,4.07031,0.00125704,0.00125704,0.00125704
11,40.1767,1.01085,1.1491,1.30132,0.7454,0.97702,0.85293,0.49812,1.16353,2.369,1.59523,0.00136952,0.00136952,0.00136952
12,43.8351,1.064,1.08675,1.29317,0.57098,0.66667,0.67411,0.2634,1.5905,2.50106,1.88598,0.00147923,0.00147923,0.00147923
13,47.4751,1.08727,1.22041,1.37817,0.77846,0.91667,0.90077,0.27822,2.03132,2.62498,2.57186,0.00158616,0.00158616,0.00158616
14,51.124,1.17778,1.16642,1.42416,0.77846,0.91667,0.90077,0.27822,2.03132,2.62498,2.57186,0.00169032,0.00169032,0.00169032
15,54.7339,1.04343,1.09359,1.23806,0.72951,0.67485,0.80481,0.28019,2.00902,2.26567,2.46116,0.0017228,0.0017228,0.0017228
16,58.3044,1.02516,1.02221,1.25806,0.82947,0.407,0.67945,0.42083,1.33253,2.14299,1.79592,0.001703,0.001703,0.001703
17,61.8935,0.99229,0.96076,1.29788,0.71523,0.58333,0.72261,0.46712,1.33804,1.82996,1.88296,0.0016832,0.0016832,0.0016832
18,65.5654,1.00032,1.14411,1.38413,0.72695,0.75,0.73063,0.24038,2.30811,2.97661,3.79522,0.0016634,0.0016634,0.0016634
19,69.2467,1.01531,0.97847,1.25193,0.98514,1,0.995,0.50339,1.63604,3.39569,2.77963,0.0016436,0.0016436,0.0016436
20,73.0979,1.04022,0.9941,1.33883,0.98869,1,0.995,0.5948,1.2909,1.65984,1.77094,0.0016238,0.0016238,0.0016238
21,77.0798,0.89371,0.88572,1.19596,0.92116,0.97503,0.98269,0.52479,1.49889,1.49102,1.94096,0.001604,0.001604,0.001604
22,80.8448,0.96319,0.96041,1.33073,0.92116,0.97503,0.98269,0.52479,1.49889,1.49102,1.94096,0.0015842,0.0015842,0.0015842
23,84.6172,1.05853,0.97984,1.30957,0.8542,1,0.98269,0.62726,1.2851,1.27137,1.61591,0.0015644,0.0015644,0.0015644
24,88.43,0.98736,0.93151,1.24513,0.98991,1,0.995,0.68272,1.14683,1.16884,1.45864,0.0015446,0.0015446,0.0015446
25,92.3491,1.10794,0.88375,1.24445,0.77531,0.91667,0.89766,0.37423,1.97804,1.93118,2.50277,0.0015248,0.0015248,0.0015248
26,96.0819,1.11957,0.93033,1.30482,0.93906,1,0.995,0.59575,1.39981,1.46472,1.80352,0.001505,0.001505,0.001505
27,99.7824,1.03561,0.88349,1.23092,0.85245,1,0.98269,0.6159,1.33468,1.43034,1.98884,0.0014852,0.0014852,0.0014852
28,103.404,0.90325,0.88366,1.2429,0.85542,1,0.98885,0.70183,1.16997,1.30486,1.77427,0.0014654,0.0014654,0.0014654
29,107.073,0.9293,0.8613,1.24898,0.99362,1,0.995,0.67178,1.12147,1.13877,1.58145,0.0014456,0.0014456,0.0014456
30,110.709,0.96121,0.85453,1.24446,0.99362,1,0.995,0.67178,1.12147,1.13877,1.58145,0.0014258,0.0014258,0.0014258
31,114.361,0.87642,0.77318,1.19055,0.99289,1,0.995,0.69493,1.06815,1.02883,1.39362,0.001406,0.001406,0.001406
32,118.02,1.02536,0.86408,1.28472,0.97951,1,0.995,0.63922,1.2029,1.22944,1.49161,0.0013862,0.0013862,0.0013862
33,121.711,0.82548,0.77203,1.18259,0.99218,1,0.995,0.63475,1.27042,1.2226,1.51155,0.0013664,0.0013664,0.0013664
34,125.373,0.79578,0.74083,1.14753,0.99494,1,0.995,0.6632,1.15386,0.94332,1.40847,0.0013466,0.0013466,0.0013466
35,128.95,0.88259,0.70895,1.18726,0.99551,1,0.995,0.61217,1.27061,0.87761,1.5303,0.0013268,0.0013268,0.0013268
36,132.593,0.86298,0.70628,1.22074,0.99518,1,0.995,0.60477,1.39658,0.92209,1.64463,0.001307,0.001307,0.001307
37,136.195,0.8596,0.74372,1.17336,0.99504,1,0.995,0.63604,1.37901,0.97565,1.65163,0.0012872,0.0012872,0.0012872
38,139.765,0.80773,0.69951,1.14789,0.99504,1,0.995,0.63604,1.37901,0.97565,1.65163,0.0012674,0.0012674,0.0012674
39,143.42,0.82223,0.70942,1.16723,0.99568,1,0.995,0.57206,1.43224,0.94361,1.70972,0.0012476,0.0012476,0.0012476
40,147.006,0.78343,0.66464,1.12627,0.99535,1,0.995,0.53354,1.7164,0.9432,2.03612,0.0012278,0.0012278,0.0012278
41,150.585,0.83144,0.70818,1.15114,0.99461,1,0.995,0.47409,1.86949,1.07918,2.12927,0.001208,0.001208,0.001208
42,154.134,0.89893,0.7811,1.28048,0.99023,1,0.995,0.44935,1.77977,1.24088,2.00895,0.0011882,0.0011882,0.0011882
43,157.7,0.8154,0.67026,1.1336,0.9872,1,0.995,0.52362,1.5283,1.03261,1.74028,0.0011684,0.0011684,0.0011684
44,161.284,0.84705,0.65072,1.1296,0.99366,1,0.995,0.60766,1.27631,0.90666,1.4763,0.0011486,0.0011486,0.0011486
45,164.842,0.84322,0.71455,1.13137,0.99406,1,0.995,0.70839,1.05636,0.86698,1.34228,0.0011288,0.0011288,0.0011288
46,168.449,0.77463,0.64351,1.08955,0.99406,1,0.995,0.70839,1.05636,0.86698,1.34228,0.001109,0.001109,0.001109
47,172.051,0.78815,0.64878,1.14649,0.99549,1,0.995,0.78062,0.90318,0.70509,1.19103,0.0010892,0.0010892,0.0010892
48,175.685,0.78074,0.66925,1.13308,0.9954,1,0.995,0.66443,1.13177,0.78186,1.38111,0.0010694,0.0010694,0.0010694
49,179.248,0.75907,0.63692,1.10163,0.99249,1,0.995,0.63209,1.4188,1.03463,1.60701,0.0010496,0.0010496,0.0010496
50,182.831,0.76319,0.63822,1.11868,0.98585,1,0.995,0.54499,1.68125,1.14082,1.80579,0.0010298,0.0010298,0.0010298
51,186.448,0.73945,0.60291,1.10307,0.98487,1,0.995,0.57284,1.59369,1.04888,1.7375,0.00101,0.00101,0.00101
52,190.027,0.81951,0.62807,1.1934,0.98814,1,0.995,0.63939,1.4188,0.88719,1.53246,0.0009902,0.0009902,0.0009902
53,193.553,0.82678,0.66216,1.17841,0.99118,1,0.995,0.72243,1.10108,0.69866,1.27948,0.0009704,0.0009704,0.0009704
54,197.116,0.73817,0.60958,1.10731,0.99118,1,0.995,0.72243,1.10108,0.69866,1.27948,0.0009506,0.0009506,0.0009506
55,200.672,0.75577,0.62096,1.08647,0.99522,1,0.995,0.76086,0.87956,0.62821,1.1438,0.0009308,0.0009308,0.0009308
56,204.223,0.83937,0.63732,1.13455,0.99508,1,0.995,0.74331,1.05049,0.68156,1.25939,0.000911,0.000911,0.000911
57,207.789,0.8063,0.65447,1.14415,0.99505,1,0.995,0.72006,1.10575,0.68401,1.31163,0.0008912,0.0008912,0.0008912
58,211.33,0.71385,0.66914,1.09925,0.99453,1,0.995,0.73471,1.06408,0.69424,1.29794,0.0008714,0.0008714,0.0008714
59,214.87,0.7461,0.59593,1.14773,0.99502,1,0.995,0.70727,1.14456,0.69562,1.37344,0.0008516,0.0008516,0.0008516
60,218.51,0.7561,0.60163,1.10506,0.9953,1,0.995,0.59589,1.37864,0.75212,1.63527,0.0008318,0.0008318,0.0008318
61,222.057,0.68854,0.58396,1.053,0.99294,1,0.995,0.64293,1.39017,0.78019,1.5777,0.000812,0.000812,0.000812
62,225.643,0.71469,0.59296,1.10243,0.99294,1,0.995,0.64293,1.39017,0.78019,1.5777,0.0007922,0.0007922,0.0007922
63,229.217,0.77221,0.62127,1.14604,0.73639,1,0.94,0.57865,1.4623,1.12474,1.53176,0.0007724,0.0007724,0.0007724
64,232.766,0.65295,0.54094,1.06033,0.56711,0.91667,0.70675,0.40712,1.54986,1.75623,1.58659,0.0007526,0.0007526,0.0007526
65,236.351,0.71154,0.56155,1.08896,0.54217,0.75,0.61443,0.28979,1.59828,2.13318,1.67546,0.0007328,0.0007328,0.0007328
66,239.917,0.73771,0.57926,1.11303,0.94259,0.75,0.92614,0.53748,1.41728,1.45115,1.53109,0.000713,0.000713,0.000713
67,243.484,0.73119,0.57359,1.12425,0.99503,1,0.995,0.68752,1.19538,0.72389,1.40897,0.0006932,0.0006932,0.0006932
68,247.057,0.75824,0.6144,1.12684,0.99565,1,0.995,0.70882,1.22055,0.70742,1.40041,0.0006734,0.0006734,0.0006734
69,250.592,0.68839,0.53723,1.04363,0.99567,1,0.995,0.75019,0.99051,0.62234,1.22905,0.0006536,0.0006536,0.0006536
70,254.119,0.72579,0.55665,1.09141,0.99567,1,0.995,0.75019,0.99051,0.62234,1.22905,0.0006338,0.0006338,0.0006338
71,257.682,0.6691,0.53083,1.04644,0.99544,1,0.995,0.78118,0.87704,0.57839,1.18919,0.000614,0.000614,0.000614
72,261.252,0.69923,0.54023,1.09097,0.99568,1,0.995,0.72971,0.93884,0.58766,1.24397,0.0005942,0.0005942,0.0005942
73,264.811,0.7961,0.57692,1.15503,0.99583,1,0.995,0.72193,1.00198,0.61574,1.3157,0.0005744,0.0005744,0.0005744
74,268.403,0.68406,0.54902,1.05361,0.99558,1,0.995,0.72381,1.03429,0.62684,1.32406,0.0005546,0.0005546,0.0005546
75,271.976,0.65085,0.53513,1.0791,0.99547,1,0.995,0.69043,1.12392,0.65175,1.44272,0.0005348,0.0005348,0.0005348
76,275.544,0.62959,0.57387,1.07173,0.99576,1,0.995,0.64703,1.25812,0.66799,1.6187,0.000515,0.000515,0.000515
77,279.07,0.72852,0.55067,1.08938,0.99573,1,0.995,0.65242,1.2501,0.66866,1.62658,0.0004952,0.0004952,0.0004952
78,282.611,0.7357,0.55344,1.09994,0.99573,1,0.995,0.65242,1.2501,0.66866,1.62658,0.0004754,0.0004754,0.0004754
79,286.175,0.7029,0.54384,1.1425,0.99573,1,0.995,0.70851,1.12601,0.66001,1.46877,0.0004556,0.0004556,0.0004556
80,289.8,0.64698,0.51077,1.03972,0.9957,1,0.995,0.68427,1.10947,0.68718,1.39997,0.0004358,0.0004358,0.0004358
81,293.374,0.7139,0.54164,1.04938,0.9957,1,0.995,0.70674,1.08281,0.66517,1.35205,0.000416,0.000416,0.000416
82,296.91,0.69423,0.49828,1.0561,0.99578,1,0.995,0.73544,0.99493,0.64612,1.25621,0.0003962,0.0003962,0.0003962
83,300.476,0.65376,0.48362,1.04531,0.99571,1,0.995,0.76072,0.96633,0.61414,1.23975,0.0003764,0.0003764,0.0003764
84,304.019,0.59718,0.528,1.04414,0.99567,1,0.995,0.75798,0.98212,0.58469,1.26914,0.0003566,0.0003566,0.0003566
85,307.602,0.71576,0.55449,1.07852,0.99572,1,0.995,0.74577,1.04328,0.5781,1.32047,0.0003368,0.0003368,0.0003368
86,311.168,0.59497,0.47519,1.04269,0.99572,1,0.995,0.74577,1.04328,0.5781,1.32047,0.000317,0.000317,0.000317
87,314.763,0.66418,0.50016,1.07219,0.99572,1,0.995,0.75157,1.07936,0.59724,1.35,0.0002972,0.0002972,0.0002972
88,318.36,0.69063,0.52509,1.10679,0.99573,1,0.995,0.74844,1.05841,0.58984,1.33408,0.0002774,0.0002774,0.0002774
89,321.945,0.73997,0.59285,1.10651,0.99569,1,0.995,0.74523,1.02684,0.56201,1.31037,0.0002576,0.0002576,0.0002576
90,325.55,0.61825,0.48519,1.06004,0.99557,1,0.995,0.75126,0.98667,0.54851,1.27113,0.0002378,0.0002378,0.0002378
91,329.078,0.51578,0.67766,0.99262,0.99558,1,0.995,0.77875,0.9582,0.54935,1.2277,0.000218,0.000218,0.000218
92,332.656,0.48089,0.65411,1.02052,0.99554,1,0.995,0.79097,0.94813,0.55492,1.21621,0.0001982,0.0001982,0.0001982
93,336.227,0.50783,0.60646,0.98915,0.99551,1,0.995,0.77892,0.96137,0.56237,1.22699,0.0001784,0.0001784,0.0001784
94,339.725,0.49794,0.64175,0.97647,0.99551,1,0.995,0.77892,0.96137,0.56237,1.22699,0.0001586,0.0001586,0.0001586
95,343.217,0.49564,0.60032,0.95946,0.99534,1,0.995,0.77892,0.97217,0.57153,1.23596,0.0001388,0.0001388,0.0001388
96,346.719,0.52436,0.60411,1.09212,0.99537,1,0.995,0.78227,0.98909,0.5774,1.2539,0.000119,0.000119,0.000119
97,350.237,0.48181,0.55255,0.99774,0.99542,1,0.995,0.7618,1.00493,0.5892,1.27117,9.92e-05,9.92e-05,9.92e-05
98,353.822,0.44991,0.63238,1.00425,0.99542,1,0.995,0.75972,1.01631,0.59731,1.2867,7.94e-05,7.94e-05,7.94e-05
99,357.374,0.46442,0.54094,0.95086,0.99549,1,0.995,0.76037,1.01825,0.59919,1.28929,5.96e-05,5.96e-05,5.96e-05
100,360.879,0.47699,0.57335,0.97305,0.99549,1,0.995,0.75635,1.01407,0.59768,1.28758,3.98e-05,3.98e-05,3.98e-05
